timestamp,item,expo_quantity,expo_rev,impo_quantity,impo_cost,margin
2019-01,TM,356571,990,0,0,990
2019-01,ON,821330,222,4003206,1118,-896
2019-01,SL,60,1,93405,128,-127
2019-01,BC,160,1,638913,563,-562
2019-01,BS,0,0,7580,38,-38
2019-01,CB,184650,94,395802,90,4
2019-01,LT,85200,95,258096,165,-70
2019-01,CH,0,0,90,1,-1
2019-01,CR,23150,22,7466150,2955,-2934
2019-01,CC,10340,28,0,0,28
2019-01,BE,2,0,0,0,0
2019-01,DP,876,7,13829,23,-16
2019-01,FG,2627,23,94529,464,-441
2019-01,PA,60,0,6014272,4461,-4461
2019-01,MG,0,0,1778356,7719,-7719
2019-01,MS,0,0,14685,82,-82
2019-01,OR,282,1,5423713,9051,-9050
2019-01,TG,58368,172,0,0,172
2019-01,GP,0,0,2205640,3503,-3503
2019-01,LM,1195,7,1736971,4019,-4011
2019-01,WM,6547,27,1500,19,7
2019-01,PP,0,0,66901,123,-123
2019-01,AP,451382,1154,0,0,1154
2019-01,PR,3118675,8944,0,0,8944
2019-01,PU,30,0,0,0,0
2019-02,TM,332512,926,0,0,926
2019-02,ON,165470,57,2319079,728,-671
2019-02,SL,0,0,26163,66,-66
2019-02,BC,780,1,396870,399,-398
2019-02,BS,0,0,4140,21,-21
2019-02,CB,182636,69,336142,77,-8
2019-02,LT,40150,45,309258,213,-167
2019-02,CH,0,0,270,1,-1
2019-02,CR,16250,16,6524716,2600,-2585
2019-02,CC,336,2,0,0,2
2019-02,DP,0,0,56660,118,-118
2019-02,FG,0,0,43151,160,-160
2019-02,PA,0,0,5260892,3978,-3978
2019-02,MG,0,0,1649541,6366,-6366
2019-02,MS,0,0,50168,282,-282
2019-02,OR,525,1,5699591,9641,-9640
2019-02,TG,8474,33,0,0,33
2019-02,GP,0,0,1185033,1907,-1907
2019-02,LM,520,3,2157054,4798,-4795
2019-02,WM,2927,13,26380,257,-244
2019-02,PP,0,0,21219,52,-52
2019-02,AP,194089,472,0,0,472
2019-02,PR,878305,2230,0,0,2230
2019-03,TM,476592,1369,0,0,1369
2019-03,ON,4710,3,3707265,1134,-1130
2019-03,SL,0,0,68775,109,-109
2019-03,BC,100,0,417756,503,-503
2019-03,BS,0,0,4520,22,-22
2019-03,CB,854925,354,356514,94,260
2019-03,LT,36,0,151776,106,-106
2019-03,CH,0,0,540,3,-3
2019-03,CR,17960,13,13353720,4953,-4941
2019-03,CC,3373,8,0,0,8
2019-03,DP,0,0,38146,82,-82
2019-03,FG,220,2,17808,109,-107
2019-03,PA,0,0,6363858,5052,-5052
2019-03,MG,0,0,3148821,11360,-11360
2019-03,MS,0,0,27140,185,-185
2019-03,OR,1200,5,41025303,65989,-65984
2019-03,TG,2061,10,4599,12,-2
2019-03,GP,0,0,1014249,1576,-1576
2019-03,LM,0,0,1565892,3363,-3363
2019-03,WM,0,0,17560,152,-152
2019-03,PP,0,0,36755,73,-73
2019-03,AP,106635,292,0,0,292
2019-03,PR,1061622,2886,0,0,2886
2019-03,PU,30,0,0,0,0
2019-04,TM,486481,1360,0,0,1360
2019-04,ON,10375,1,4452470,1441,-1440
2019-04,SL,0,0,72259,159,-159
2019-04,BC,18,0,783593,1207,-1207
2019-04,BS,0,0,11370,51,-51
2019-04,CB,6494616,2658,343463,105,2553
2019-04,LT,67147,71,8,0,71
2019-04,CH,0,0,270,1,-1
2019-04,CR,16910,14,8323700,3493,-3479
2019-04,CC,5818,15,0,0,15
2019-04,DP,272,1,134033,254,-253
2019-04,FG,877,8,38178,210,-202
2019-04,PA,0,0,7000161,5943,-5943
2019-04,MG,28,0,3588106,12311,-12311
2019-04,MS,0,0,223734,1218,-1218
2019-04,OR,558,1,48407680,83004,-83003
2019-04,TG,328,9,13457,36,-27
2019-04,GP,0,0,1140481,1922,-1922
2019-04,LM,67,0,1538120,3216,-3216
2019-04,WM,6037,17,0,0,17
2019-04,PP,0,0,29364,65,-65
2019-04,AP,53359,133,0,0,133
2019-04,PR,485065,1247,0,0,1247
2019-04,PU,0,0,0,0,0
2019-05,TM,384730,1041,0,0,1041
2019-05,ON,912260,375,1269000,516,-141
2019-05,SL,12,0,139140,167,-167
2019-05,BC,16,0,749745,1028,-1028
2019-05,BS,0,0,18370,80,-80
2019-05,CB,1461639,662,270972,95,567
2019-05,LT,86226,131,0,0,131
2019-05,CH,0,0,270,1,-1
2019-05,CR,18000,16,4897803,2160,-2144
2019-05,CC,14825,32,0,0,32
2019-05,BN,0,0,1,0,0
2019-05,DP,0,0,124600,286,-286
2019-05,FG,3502,31,64859,311,-280
2019-05,PA,8,1,6849998,5767,-5766
2019-05,GV,0,0,1,0,0
2019-05,MG,56,0,2555263,8516,-8516
2019-05,MS,0,0,148028,831,-831
2019-05,OR,126,0,12121181,20544,-20544
2019-05,TG,2560,21,0,0,21
2019-05,GP,0,0,1181623,1966,-1966
2019-05,LM,51,2,1591654,3249,-3247
2019-05,WM,65855,144,0,0,144
2019-05,PP,0,0,27283,73,-73
2019-05,AP,53263,163,0,0,163
2019-05,PR,275806,790,0,0,790
2019-05,AC,216,3,0,0,3
2019-05,PU,65,1,0,0,1
2019-06,TM,383862,1060,0,0,1060
2019-06,ON,10153041,3516,527000,202,3314
2019-06,SL,84,1,155174,148,-147
2019-06,BC,0,0,635122,684,-684
2019-06,BS,0,0,15770,69,-69
2019-06,CB,3286366,1656,271444,69,1586
2019-06,LT,938621,955,104,0,955
2019-06,CR,19500,14,7853590,3601,-3587
2019-06,CC,10141,23,0,0,23
2019-06,BN,2,0,0,0,0
2019-06,BE,10,0,0,0,0
2019-06,DP,1314,11,3834,22,-12
2019-06,FG,1532,14,19063,88,-74
2019-06,PA,24,0,5229827,4517,-4517
2019-06,MG,76,1,1428932,4901,-4901
2019-06,MS,0,0,95945,526,-526
2019-06,OR,104,0,1708624,2558,-2558
2019-06,TG,3417,21,0,0,21
2019-06,GP,0,0,1825484,2321,-2321
2019-06,LM,17,1,1164255,2414,-2414
2019-06,WM,51029,89,0,0,89
2019-06,PP,0,0,31039,61,-61
2019-06,AP,9366,37,0,0,37
2019-06,PR,26601,68,0,0,68
2019-06,CE,10,0,0,0,0
2019-06,PC,3682,26,0,0,26
2019-06,PU,7,0,0,0,0
2019-07,TM,600648,1596,0,0,1596
2019-07,ON,20949417,6402,1529100,460,5941
2019-07,SL,41,0,64790,130,-130
2019-07,BC,40,0,586192,671,-671
2019-07,BS,0,0,17000,73,-73
2019-07,CB,1676629,798,472041,119,679
2019-07,LT,248976,280,2091851,1496,-1216
2019-07,CH,0,0,270,1,-1
2019-07,CR,17000,11,9570280,3817,-3806
2019-07,CC,9947,25,0,0,25
2019-07,BN,10,0,0,0,0
2019-07,DP,2737,9,36556,56,-48
2019-07,FG,876,8,47011,255,-248
2019-07,PA,26,0,6178913,5343,-5342
2019-07,MG,6,0,375527,1428,-1428
2019-07,MS,0,0,75591,356,-356
2019-07,OR,68,0,2098410,3109,-3109
2019-07,TG,4603,27,0,0,27
2019-07,GP,0,0,2432239,2809,-2809
2019-07,LM,0,0,2952954,6220,-6220
2019-07,WM,53774,98,0,0,98
2019-07,PP,0,0,36120,70,-70
2019-07,AP,4382,15,0,0,15
2019-07,PR,1981,4,0,0,4
2019-07,CE,20,0,4998,41,-41
2019-07,PC,103707,520,0,0,520
2019-07,PU,611,3,1,0,3
2019-08,TM,475951,1339,0,0,1339
2019-08,ON,6298833,1999,528000,197,1802
2019-08,SL,34,0,62641,153,-153
2019-08,BC,0,0,1389462,1618,-1618
2019-08,BS,0,0,20620,93,-93
2019-08,CB,2465625,1154,280140,73,1081
2019-08,LT,31936,69,4136721,3220,-3151
2019-08,CH,0,0,288,2,-2
2019-08,CR,18547,12,7232500,2690,-2679
2019-08,CC,1907,6,0,0,6
2019-08,BN,6,0,0,0,0
2019-08,DP,0,0,113,2,-2
2019-08,FG,657,7,45170,250,-243
2019-08,PA,12,0,4990299,4032,-4032
2019-08,MG,15,0,492980,2010,-2010
2019-08,MS,0,0,81559,378,-378
2019-08,OR,34,0,2046705,2936,-2936
2019-08,TG,5859,31,0,0,31
2019-08,GP,0,0,1526130,1745,-1745
2019-08,LM,0,0,1394638,2817,-2817
2019-08,WM,23011,44,16069,63,-19
2019-08,PP,0,0,28500,61,-61
2019-08,AP,12969,48,0,0,48
2019-08,PR,4657709,13533,0,0,13533
2019-08,CE,0,0,998,9,-9
2019-08,PC,195219,923,0,0,923
2019-08,PU,40,0,0,0,0
2019-09,TM,424680,1268,0,0,1268
2019-09,ON,3558274,1301,1553900,429,872
2019-09,SL,82,1,83170,149,-148
2019-09,BC,0,0,1511178,1558,-1558
2019-09,BS,0,0,15665,82,-82
2019-09,CB,1187087,566,226329,60,507
2019-09,LT,16879,53,1870221,1378,-1324
2019-09,CH,0,0,288,2,-2
2019-09,CR,15575,10,10404140,3839,-3829
2019-09,CC,7650,17,0,0,17
2019-09,BN,8,0,0,0,0
2019-09,BE,338,1,0,0,1
2019-09,DP,408,2,878,11,-9
2019-09,FG,2688,29,16544,73,-45
2019-09,PA,0,0,4510505,3862,-3862
2019-09,GV,0,0,1,0,0
2019-09,MG,15,0,734596,3284,-3284
2019-09,MS,0,0,6480,34,-34
2019-09,OR,0,0,1630794,2199,-2199
2019-09,TG,8050,39,0,0,39
2019-09,GP,0,0,654560,724,-724
2019-09,LM,0,0,835881,1702,-1702
2019-09,WM,3990,5,32005,84,-78
2019-09,PP,0,0,13575,35,-35
2019-09,AP,73601,197,0,0,197
2019-09,PR,3251352,8918,0,0,8918
2019-09,PC,141579,699,0,0,699
2019-09,PU,20,0,0,0,0
2019-10,TM,456086,1337,0,0,1337
2019-10,ON,5975112,2210,343000,123,2086
2019-10,SL,79,1,67605,159,-158
2019-10,BC,0,0,1478019,1378,-1378
2019-10,BS,0,0,17695,86,-86
2019-10,CB,201297,105,635187,151,-46
2019-10,LT,3166,8,762228,505,-497
2019-10,CH,0,0,270,1,-1
2019-10,CR,17596,11,10531000,3151,-3139
2019-10,CC,6483,15,0,0,15
2019-10,BN,13,0,0,0,0
2019-10,DP,0,0,86,2,-2
2019-10,FG,0,0,20898,101,-101
2019-10,PA,2,0,6364347,5456,-5456
2019-10,MG,0,0,763951,3023,-3023
2019-10,OR,60,0,1646813,2007,-2007
2019-10,TG,3651,14,0,0,14
2019-10,GP,0,0,488890,713,-713
2019-10,LM,0,0,1446662,3304,-3304
2019-10,WM,70,0,19595,55,-55
2019-10,PP,0,0,30335,62,-62
2019-10,AP,270032,587,0,0,587
2019-10,PR,5720206,15475,16200,36,15439
2019-10,PC,27667,133,0,0,133
2019-10,PU,10,0,0,0,0
2019-11,TM,408516,1191,0,0,1191
2019-11,ON,1559163,575,2107500,561,14
2019-11,SL,17,0,56530,141,-141
2019-11,BC,0,0,1318362,1498,-1498
2019-11,BS,8,0,18320,85,-85
2019-11,CB,9748,7,4026494,789,-781
2019-11,LT,37307,45,529776,354,-309
2019-11,CH,0,0,450,3,-3
2019-11,CR,19000,12,8083306,2229,-2217
2019-11,CC,9845,23,0,0,23
2019-11,BN,24,0,0,0,0
2019-11,DP,909,6,26177,48,-42
2019-11,FG,3696,38,55723,274,-236
2019-11,PA,120,6,5773753,4747,-4741
2019-11,MG,0,0,678771,3054,-3054
2019-11,OR,90,1,582640,929,-928
2019-11,TG,1663839,1892,1,0,1892
2019-11,GP,0,0,1785954,3030,-3030
2019-11,LM,0,0,996332,2408,-2408
2019-11,WM,450,1,0,0,1
2019-11,PP,0,0,27145,53,-53
2019-11,AP,700897,1641,0,0,1641
2019-11,PR,5873171,15005,32400,71,14934
2019-12,TM,462047,1326,0,0,1326
2019-12,ON,1886,2,412000,129,-127
2019-12,SL,0,0,65170,155,-155
2019-12,BC,0,0,1459580,1847,-1847
2019-12,BS,0,0,27095,118,-118
2019-12,CB,58389,46,4500258,908,-861
2019-12,LT,62402,75,37260,29,46
2019-12,CH,0,0,432,3,-3
2019-12,CR,27000,17,11100770,3156,-3140
2019-12,CC,7068,16,0,0,16
2019-12,BN,30,0,0,0,0
2019-12,DP,0,0,37887,75,-75
2019-12,FG,0,0,47114,201,-201
2019-12,PA,72,0,6114649,4671,-4671
2019-12,MG,1,0,921609,4489,-4489
2019-12,MS,0,0,52,3,-3
2019-12,OR,0,0,1994401,3124,-3124
2019-12,TG,543306,663,0,0,663
2019-12,GP,0,0,2345555,3708,-3708
2019-12,LM,17,0,1114199,2356,-2356
2019-12,PP,0,0,18135,37,-37
2019-12,AP,714147,1624,13230,33,1591
2019-12,PR,5359103,14123,14100,43,14080
2019-12,CE,5,0,0,0,0
2019-12,PU,0,0,1,0,0
2020-01,TM,346503,965,0,0,965
2020-01,ON,4290,5,1628000,448,-442
2020-01,SL,0,0,83770,166,-166
2020-01,BC,8,0,931198,1051,-1051
2020-01,BS,0,0,16450,73,-73
2020-01,CB,14172,22,4455582,1082,-1060
2020-01,LT,37445,45,443400,318,-272
2020-01,CH,0,0,32700,20,-20
2020-01,CR,22045,25,8565913,2693,-2668
2020-01,CC,5120,20,0,0,20
2020-01,BN,24,0,0,0,0
2020-01,DP,5,0,26128,40,-39
2020-01,FG,657,6,69334,272,-266
2020-01,PA,12,0,4548006,3560,-3559
2020-01,MG,0,0,2202074,8812,-8812
2020-01,MS,0,0,1181,12,-12
2020-01,OR,1344,3,4793983,8031,-8028
2020-01,TG,79647,184,0,0,184
2020-01,GP,0,0,1718034,2714,-2714
2020-01,LM,0,0,1452510,2905,-2905
2020-01,WM,0,0,5220,32,-32
2020-01,PP,0,0,15160,44,-44
2020-01,AP,223572,522,13230,33,488
2020-01,PR,2626030,7305,24223,79,7225
2020-02,TM,342626,970,0,0,970
2020-02,ON,20256,32,1519220,503,-471
2020-02,SL,0,0,34160,99,-99
2020-02,BC,1280,4,357872,367,-363
2020-02,BS,0,0,9615,42,-42
2020-02,CB,8876,11,2076793,526,-515
2020-02,LT,37546,47,456705,277,-230
2020-02,CH,0,0,55930,34,-34
2020-02,CR,18440,18,5897390,2404,-2387
2020-02,CC,12475,16,0,0,16
2020-02,BN,24,0,0,0,0
2020-02,DP,846,6,13914,33,-27
2020-02,FG,1099,10,26039,92,-82
2020-02,PA,13,0,5048076,3576,-3576
2020-02,GV,0,0,400,2,-2
2020-02,MG,0,0,2842736,10158,-10158
2020-02,MS,0,0,3740,28,-28
2020-02,OR,82,1,4779430,7892,-7891
2020-02,TG,51859,250,0,0,250
2020-02,GP,0,0,1240749,2020,-2020
2020-02,LM,0,0,1815182,3335,-3335
2020-02,WM,0,0,19424,148,-148
2020-02,PP,0,0,27651,58,-58
2020-02,AP,172356,459,0,0,459
2020-02,PR,1524867,3851,0,0,3851
2020-03,TM,335429,990,0,0,990
2020-03,ON,1899,4,3025090,1119,-1115
2020-03,SL,0,0,86998,209,-209
2020-03,BC,0,0,978995,1008,-1008
2020-03,BS,0,0,13293,52,-52
2020-03,CB,4472,6,3870094,1021,-1016
2020-03,LT,337,4,295755,134,-130
2020-03,CH,0,0,13416,9,-9
2020-03,CR,16620,21,9053150,4228,-4206
2020-03,CC,21437,32,0,0,32
2020-03,BN,12,0,0,0,0
2020-03,DP,0,0,67602,119,-119
2020-03,FG,2408,21,60012,208,-187
2020-03,PA,23,0,5104900,3969,-3969
2020-03,MG,27,0,2664697,9212,-9212
2020-03,MS,0,0,4650,36,-36
2020-03,OR,1293,2,49759137,81186,-81183
2020-03,TG,1420,7,0,0,7
2020-03,GP,0,0,1061996,1677,-1677
2020-03,LM,100,1,1940997,3597,-3596
2020-03,WM,79,1,5503,53,-52
2020-03,PP,0,0,20655,39,-39
2020-03,AP,102520,268,0,0,268
2020-03,PR,1231143,3180,0,0,3180
2020-04,TM,289689,802,0,0,802
2020-04,ON,4835,9,2941200,1028,-1019
2020-04,SL,0,0,134677,198,-198
2020-04,BC,84,1,960201,1082,-1081
2020-04,BS,0,0,20154,70,-70
2020-04,CB,36380,33,8280800,1898,-1865
2020-04,LT,450,5,12150,7,-2
2020-04,CH,0,0,216,2,-2
2020-04,CR,20822,17,7139500,2733,-2715
2020-04,CC,9435,24,0,0,24
2020-04,DP,0,0,61063,140,-140
2020-04,FG,0,0,14029,60,-60
2020-04,PA,40,1,5383087,4248,-4248
2020-04,MG,39,1,1954183,5837,-5836
2020-04,MS,0,0,46989,347,-347
2020-04,OR,3684,11,31547275,52045,-52034
2020-04,TG,22,1,0,0,1
2020-04,GP,0,0,763409,1207,-1207
2020-04,LM,0,0,1250944,2290,-2290
2020-04,WM,20353,40,0,0,40
2020-04,PP,20,0,6700,20,-20
2020-04,AP,106046,265,0,0,265
2020-04,PR,566870,1331,0,0,1331
2020-05,TM,270762,758,0,0,758
2020-05,ON,54785,27,683960,243,-216
2020-05,SL,208,0,258922,202,-202
2020-05,BC,16,1,683138,769,-767
2020-05,BS,0,0,16928,76,-76
2020-05,CB,584000,268,2546712,608,-339
2020-05,LT,45636,58,0,0,58
2020-05,CR,13200,11,7221300,2509,-2498
2020-05,CC,11830,29,0,0,29
2020-05,DP,438,4,63833,99,-96
2020-05,FG,1313,12,56619,244,-231
2020-05,PA,24,0,5705098,4510,-4510
2020-05,MG,38,0,1883055,5999,-5999
2020-05,MS,0,0,203773,1152,-1152
2020-05,OR,236,1,12007778,20216,-20215
2020-05,TG,1894,18,0,0,18
2020-05,GP,0,0,1712689,2528,-2528
2020-05,LM,0,0,1430083,2469,-2469
2020-05,WM,51853,85,0,0,85
2020-05,PP,0,0,14865,41,-41
2020-05,AP,29692,69,0,0,69
2020-05,PR,194529,490,0,0,490
2020-05,AC,1,0,0,0,0
2020-05,CE,30,0,0,0,0
2020-05,PC,235,3,0,0,3
2020-05,PU,11,0,0,0,0
2020-06,TM,348127,1040,0,0,1040
2020-06,ON,1423146,619,590005,155,464
2020-06,SL,117,0,51800,168,-167
2020-06,BC,0,0,372426,447,-447
2020-06,BS,0,0,24160,156,-156
2020-06,CB,2948418,1323,701305,145,1178
2020-06,LT,338666,338,37460,26,312
2020-06,CR,7730,7,8323780,3245,-3238
2020-06,CC,14719,32,0,0,32
2020-06,DP,383,3,77655,192,-189
2020-06,FG,0,0,43060,182,-182
2020-06,PA,26,0,5541366,4250,-4250
2020-06,MG,35,1,1369454,4905,-4904
2020-06,MS,0,0,106443,664,-664
2020-06,OR,68,0,1582862,2397,-2397
2020-06,TG,4178,31,1,0,31
2020-06,GP,0,0,1739184,2451,-2451
2020-06,LM,117,0,2201640,4052,-4052
2020-06,WM,129595,222,0,0,222
2020-06,PP,0,0,13990,36,-36
2020-06,AP,14308,44,0,0,44
2020-06,PR,12272,28,0,0,28
2020-06,AC,498,5,0,0,5
2020-06,CE,20,0,0,0,0
2020-06,PC,10592,81,0,0,81
2020-06,PU,291,1,0,0,1
2020-07,TM,514505,1452,0,0,1452
2020-07,ON,3490935,1715,1109000,251,1464
2020-07,SL,2090,5,99328,177,-172
2020-07,BC,8,0,463256,540,-540
2020-07,BS,0,0,20010,129,-129
2020-07,CB,1368417,618,375520,94,524
2020-07,LT,93128,129,1717117,1196,-1068
2020-07,CR,20700,19,10460300,3969,-3950
2020-07,CC,22681,46,0,0,46
2020-07,DP,272,1,30444,106,-104
2020-07,FG,1334,11,80856,425,-414
2020-07,PA,44,1,5070968,3839,-3838
2020-07,MG,30,1,632592,3075,-3073
2020-07,MS,5,0,24446,175,-175
2020-07,OR,17,0,1971863,3043,-3043
2020-07,TG,12760,67,0,0,67
2020-07,GP,0,0,2073009,2325,-2325
2020-07,LM,0,0,2588151,4970,-4970
2020-07,WM,65759,104,0,0,104
2020-07,PP,0,0,11575,29,-29
2020-07,AP,5849,19,0,0,19
2020-07,PR,27834,76,0,0,76
2020-07,AC,496,4,0,0,4
2020-07,PC,126378,710,0,0,710
2020-07,PU,958,7,0,0,7
2020-08,TM,506016,1451,0,0,1451
2020-08,ON,607496,308,2585795,583,-275
2020-08,SL,0,0,66448,152,-152
2020-08,BC,0,0,1159982,1551,-1551
2020-08,BS,0,0,26610,177,-177
2020-08,CB,104911,81,1207192,351,-270
2020-08,LT,37182,59,3751197,3321,-3262
2020-08,CR,15830,15,5513750,2309,-2294
2020-08,CC,9276,27,0,0,27
2020-08,DP,438,4,10416,48,-44
2020-08,FG,2549,20,39692,159,-140
2020-08,PA,0,0,4640611,3553,-3553
2020-08,GV,0,0,0,0,0
2020-08,MG,150,6,415447,1835,-1829
2020-08,MS,0,0,98522,644,-644
2020-08,OR,0,0,1989961,2925,-2925
2020-08,TG,9556,50,0,0,50
2020-08,GP,0,0,933950,1048,-1048
2020-08,LM,0,0,1505762,2745,-2745
2020-08,WM,51148,78,0,0,78
2020-08,PP,0,0,12001,32,-32
2020-08,AP,3505,22,0,0,22
2020-08,PR,1229639,3426,0,0,3426
2020-08,PC,150624,795,0,0,795
2020-08,PU,15,1,0,0,1
2020-09,TM,280871,893,0,0,893
2020-09,ON,2625,4,2141790,568,-564
2020-09,SL,0,0,157888,264,-264
2020-09,BC,0,0,1649010,2093,-2093
2020-09,BS,0,0,18338,96,-96
2020-09,CB,24388,34,3056029,943,-910
2020-09,LT,505,10,3656341,3008,-2998
2020-09,CR,13430,12,12652700,5154,-5143
2020-09,CC,2481,17,0,0,17
2020-09,DP,219,2,33258,93,-91
2020-09,FG,219,2,59191,191,-189
2020-09,PA,42,3,4613963,3564,-3561
2020-09,GV,0,0,0,0,0
2020-09,MG,0,0,814337,4104,-4104
2020-09,MS,0,0,34412,230,-230
2020-09,OR,2900,6,3127049,4736,-4730
2020-09,TG,14484,91,0,0,91
2020-09,GP,0,0,294209,417,-417
2020-09,LM,3294,14,1531832,2722,-2708
2020-09,WM,19214,41,0,0,41
2020-09,PP,0,0,17635,35,-35
2020-09,AP,34808,154,0,0,154
2020-09,PR,4359483,13209,0,0,13209
2020-09,PC,100614,562,0,0,562
2020-09,PU,150,1,0,0,1
2020-10,TM,290826,914,0,0,914
2020-10,ON,7335,12,3984216,1213,-1201
2020-10,SL,151,1,87168,196,-195
2020-10,BC,16,0,1023721,1299,-1299
2020-10,BS,0,0,20230,97,-97
2020-10,CB,8369,12,5031403,1678,-1666
2020-10,LT,196,3,289977,227,-224
2020-10,CR,15200,12,8658010,3057,-3045
2020-10,TN,450,8,0,0,8
2020-10,CC,6744,21,0,0,21
2020-10,DP,876,7,144,5,3
2020-10,FG,1752,17,22579,93,-75
2020-10,PA,0,0,5429426,4307,-4307
2020-10,GV,0,0,3,0,0
2020-10,MG,0,0,618127,3061,-3061
2020-10,MS,0,0,2700,32,-32
2020-10,OR,75,0,2203404,2998,-2998
2020-10,TG,133776,158,2,0,158
2020-10,GP,0,0,384442,878,-878
2020-10,LM,0,0,1492484,2678,-2678
2020-10,WM,7655,15,0,0,15
2020-10,PP,0,0,11995,33,-33
2020-10,AP,95962,392,0,0,392
2020-10,PR,4393199,13904,0,0,13904
2020-10,PC,7445,46,0,0,46
2020-10,PU,0,0,0,0,0
2020-11,TM,366878,1161,0,0,1161
2020-11,ON,2295,6,3547341,1254,-1248
2020-11,SL,106,1,102800,170,-169
2020-11,BC,50,0,1119959,1206,-1205
2020-11,BS,0,0,22130,107,-107
2020-11,CB,23417,38,3322786,1168,-1130
2020-11,LT,639,3,325,0,3
2020-11,CR,12500,9,7279620,2458,-2449
2020-11,CC,8728,21,0,0,21
2020-11,DP,408,2,27959,57,-55
2020-11,FG,498,5,85787,356,-352
2020-11,PA,10,1,4942579,3929,-3929
2020-11,GV,0,0,3,0,0
2020-11,MG,0,0,604077,3200,-3200
2020-11,MS,0,0,14,2,-2
2020-11,OR,165,1,732588,1122,-1121
2020-11,TG,3289766,3197,0,0,3197
2020-11,GP,0,0,2371322,4319,-4319
2020-11,LM,10310,32,1300300,3144,-3112
2020-11,WM,4453,9,0,0,9
2020-11,PP,0,0,6745,17,-17
2020-11,AP,302555,934,0,0,934
2020-11,PR,4486005,14793,0,0,14793
2020-12,TM,422963,1150,0,0,1150
2020-12,ON,2046,5,4729435,1655,-1650
2020-12,SL,15,0,93710,123,-123
2020-12,BC,0,0,646334,650,-650
2020-12,BS,0,0,31150,154,-154
2020-12,CB,863894,495,1590890,538,-42
2020-12,LT,259,3,75065,59,-56
2020-12,CR,20050,14,10487740,3587,-3574
2020-12,CC,3508,11,0,0,11
2020-12,BE,0,0,1,0,0
2020-12,DP,7,0,83451,170,-170
2020-12,FG,0,0,78939,372,-372
2020-12,PA,0,0,5810955,4262,-4262
2020-12,MG,0,0,888514,5043,-5043
2020-12,OR,3960,9,860744,1480,-1470
2020-12,TG,2396213,1928,0,0,1928
2020-12,GP,0,0,2228564,3839,-3839
2020-12,LM,0,0,709010,1655,-1655
2020-12,WM,0,0,7,0,0
2020-12,PP,0,0,11100,32,-32
2020-12,AP,645333,1902,0,0,1902
2020-12,PR,2904040,10058,0,0,10058
2020-12,AC,0,0,0,0,0
2020-12,PU,0,0,1,0,0
2021-01,TM,306752,907,0,0,907
2021-01,ON,13535,25,6684395,2611,-2585
2021-01,SL,34,1,106629,206,-205
2021-01,BC,0,0,684368,760,-760
2021-01,BS,0,0,16650,83,-83
2021-01,CB,17875,24,1031160,399,-375
2021-01,LT,266,3,360912,275,-273
2021-01,CR,19008,18,7361820,2893,-2875
2021-01,CC,6848,27,0,0,27
2021-01,BE,0,0,3,0,0
2021-01,DP,0,0,134126,238,-238
2021-01,FG,102,4,48794,205,-201
2021-01,PA,10,0,4027651,3213,-3213
2021-01,GV,0,0,1,0,0
2021-01,MG,5,0,1672767,7998,-7998
2021-01,OR,85,0,2338411,4259,-4258
2021-01,TG,535156,668,1,0,668
2021-01,GP,0,0,1706807,2838,-2838
2021-01,LM,0,0,794307,1793,-1793
2021-01,WM,1038,3,0,0,3
2021-01,PP,0,0,14652,28,-28
2021-01,AP,146817,490,0,0,490
2021-01,PR,1108749,4169,5400,27,4142
2021-01,PU,0,0,2,0,0
2021-02,TM,360655,1034,0,0,1034
2021-02,ON,135,1,10318852,4387,-4386
2021-02,SL,51,1,122266,177,-175
2021-02,BC,0,0,351600,385,-385
2021-02,BS,0,0,18300,92,-92
2021-02,CB,15084,12,363315,234,-222
2021-02,LT,420,5,1019619,605,-599
2021-02,CR,14400,14,3495680,1594,-1580
2021-02,CC,1265,7,0,0,7
2021-02,BE,432,7,1,0,7
2021-02,DP,1274,9,83786,211,-202
2021-02,FG,1842,18,79879,416,-398
2021-02,PA,19,2,4923344,3879,-3877
2021-02,MG,0,0,2186881,10095,-10095
2021-02,MS,0,0,1,0,0
2021-02,OR,1,0,4325184,7953,-7953
2021-02,TG,42613,201,33094,90,111
2021-02,GP,1,0,1108981,1755,-1755
2021-02,LM,15952,52,1354354,2855,-2803
2021-02,WM,150,1,0,0,1
2021-02,PP,0,0,10150,23,-23
2021-02,AP,42837,162,0,0,162
2021-02,PR,332554,1223,13120,63,1159
2021-02,AC,0,0,1,0,0
2021-02,PU,0,0,1,0,0
2021-03,TM,368309,1073,0,0,1073
2021-03,ON,2159,6,13995570,6973,-6967
2021-03,SL,9,0,298168,323,-323
2021-03,BC,50,4,893561,910,-906
2021-03,BS,0,0,11358,79,-79
2021-03,CB,10767,12,312330,113,-100
2021-03,LT,1439,13,904788,573,-560
2021-03,CR,17520,19,9832421,5914,-5895
2021-03,CC,2793,11,0,0,11
2021-03,BE,0,0,1,0,0
2021-03,DP,880,7,72630,139,-132
2021-03,FG,438,4,55182,260,-256
2021-03,PA,10,0,5861575,4842,-4842
2021-03,GV,0,0,0,0,0
2021-03,MG,13,1,4404158,16486,-16486
2021-03,OR,136,0,46399487,84118,-84117
2021-03,TG,25051,115,14063,46,69
2021-03,GP,0,0,1077456,1878,-1878
2021-03,LM,34,0,2464056,5167,-5167
2021-03,WM,990,5,0,0,5
2021-03,PP,0,0,32695,72,-72
2021-03,AP,46967,156,0,0,156
2021-03,PR,236192,976,0,0,976
2021-04,TM,419666,1161,0,0,1161
2021-04,ON,41258,59,2427730,1189,-1130
2021-04,SL,3,0,368391,374,-374
2021-04,BC,0,0,903004,970,-970
2021-04,BS,0,0,22070,146,-146
2021-04,CB,35771,20,235830,108,-89
2021-04,LT,2916,24,36520,31,-7
2021-04,CR,20700,20,9433643,5497,-5477
2021-04,TN,577,0,0,0,0
2021-04,CC,3151,13,0,0,13
2021-04,DP,879,7,94809,205,-198
2021-04,FG,2023,23,67432,297,-275
2021-04,PA,16,1,6222571,5426,-5425
2021-04,MG,9,0,3737702,14022,-14022
2021-04,MS,0,0,2255,23,-23
2021-04,OR,0,0,33256191,62299,-62299
2021-04,TG,3301,11,41882,142,-131
2021-04,GP,0,0,1265821,2493,-2493
2021-04,LM,100,1,1437953,3136,-3136
2021-04,WM,1680,7,0,0,7
2021-04,PP,160,1,15625,40,-40
2021-04,AP,24825,66,0,0,66
2021-04,PR,34800,171,0,0,171
2021-04,PU,0,0,1,0,0
2021-05,TM,378397,1090,0,0,1090
2021-05,ON,4775,6,485000,228,-222
2021-05,SL,0,0,404119,395,-395
2021-05,BC,0,0,801278,854,-854
2021-05,BS,0,0,23400,153,-153
2021-05,CB,155081,80,256496,90,-10
2021-05,LT,25428,39,309889,168,-129
2021-05,CR,13500,12,3871847,2260,-2248
2021-05,TN,312,0,0,0,0
2021-05,CC,3394,14,0,0,14
2021-05,BE,20,0,1,0,0
2021-05,DP,24,0,135750,282,-282
2021-05,FG,0,0,92381,459,-459
2021-05,PA,0,0,6106988,5206,-5206
2021-05,GV,0,0,0,0,0
2021-05,MG,76,2,3074656,11064,-11062
2021-05,MS,0,0,103917,724,-724
2021-05,OR,0,0,10201481,19595,-19595
2021-05,TG,2778,24,12540,77,-53
2021-05,GP,0,0,852784,1764,-1764
2021-05,LM,0,0,1253323,2923,-2923
2021-05,WM,21966,58,0,0,58
2021-05,PP,0,0,13000,37,-37
2021-05,AP,6110,31,1,0,31
2021-05,PR,9880,57,0,0,57
2021-05,AC,0,0,2,0,0
2021-05,PU,6,0,0,0,0
2021-06,TM,425591,1278,1,0,1278
2021-06,ON,3178709,1548,650990,238,1310
2021-06,SL,0,0,186999,272,-272
2021-06,BC,0,0,589536,630,-630
2021-06,BS,0,0,25100,159,-159
2021-06,CB,533143,312,349285,87,225
2021-06,LT,195564,194,143571,118,76
2021-06,CR,21000,15,8519760,4558,-4543
2021-06,TN,130,0,0,0,0
2021-06,CC,3586,13,0,0,13
2021-06,BE,0,0,125,1,-1
2021-06,DP,438,4,41589,125,-121
2021-06,FG,1751,17,37422,157,-140
2021-06,PA,0,0,6101810,5222,-5222
2021-06,MG,504,13,1977624,8599,-8586
2021-06,MS,0,0,266564,1399,-1399
2021-06,OR,14984,68,1904965,3291,-3223
2021-06,TG,5350,39,1,0,39
2021-06,GP,0,0,1622020,2905,-2905
2021-06,LM,36,0,1162881,2830,-2830
2021-06,WM,67275,156,0,0,156
2021-06,PP,0,0,18770,49,-49
2021-06,AP,36052,77,0,0,77
2021-06,PR,6236,37,0,0,37
2021-06,PC,10619,95,0,0,95
2021-06,PU,1297,6,0,0,6
2021-07,TM,465372,1307,0,0,1307
2021-07,ON,3261813,1647,347000,127,1519
2021-07,SL,0,0,139678,169,-169
2021-07,BC,0,0,796301,912,-912
2021-07,BS,0,0,28500,177,-177
2021-07,CB,1061886,507,434775,99,408
2021-07,LT,3294,40,2714184,1998,-1958
2021-07,CR,16968,15,7414500,3243,-3229
2021-07,CC,2605,9,0,0,9
2021-07,BE,2,0,20125,35,-35
2021-07,DP,0,0,41411,109,-109
2021-07,FG,756,9,59181,305,-296
2021-07,PA,55,0,5014877,4221,-4220
2021-07,GV,0,0,1,0,0
2021-07,MG,0,0,759134,3175,-3175
2021-07,MS,0,0,141975,594,-594
2021-07,OR,380,1,2996054,4993,-4992
2021-07,TG,5022,40,0,0,40
2021-07,GP,75,0,1271528,1867,-1866
2021-07,LM,85,0,2184681,4899,-4899
2021-07,WM,31012,81,0,0,81
2021-07,PP,0,0,13450,30,-30
2021-07,AP,4758,26,0,0,26
2021-07,PR,3180,17,0,0,17
2021-07,PC,95465,731,0,0,731
2021-07,PU,210,2,2,0,2
2021-08,TM,436524,1242,0,0,1242
2021-08,ON,271327,192,560920,183,9
2021-08,SL,45,1,112783,192,-191
2021-08,BC,0,0,1104568,1349,-1349
2021-08,BS,0,0,24650,150,-150
2021-08,CB,2281211,1286,729294,166,1120
2021-08,LT,71233,117,4323326,3285,-3168
2021-08,CR,14500,11,7239230,2475,-2465
2021-08,CC,3220,13,1,0,13
2021-08,BE,13,0,24502,43,-43
2021-08,DP,0,0,18196,30,-30
2021-08,FG,882,11,55955,227,-216
2021-08,PA,33,0,4717471,3942,-3941
2021-08,GV,0,0,2,0,0
2021-08,MG,72,3,713367,3150,-3147
2021-08,MS,0,0,147511,622,-622
2021-08,OR,13267,28,2349166,3887,-3859
2021-08,TG,6787,41,0,0,41
2021-08,GP,125,1,734860,1062,-1061
2021-08,LM,0,0,1389925,2944,-2944
2021-08,WM,13118,26,0,0,26
2021-08,PP,0,0,16945,44,-44
2021-08,AP,29832,78,0,0,78
2021-08,PR,2745644,9512,0,0,9512
2021-08,PC,147558,1074,0,0,1074
2021-08,PU,226,0,0,0,0
2021-09,TM,435588,1208,0,0,1208
2021-09,ON,484696,270,1162000,361,-90
2021-09,SL,132,1,188378,243,-242
2021-09,BC,0,0,1404598,1807,-1807
2021-09,BS,0,0,24820,141,-141
2021-09,CB,1700288,982,276920,92,890
2021-09,LT,89207,182,2479396,1925,-1743
2021-09,CR,17010,12,8778380,3089,-3077
2021-09,CC,1392,8,0,0,8
2021-09,BE,0,0,1,0,0
2021-09,DP,6,0,23186,59,-59
2021-09,FG,1069,11,6852,32,-21
2021-09,PA,0,0,3827050,3366,-3366
2021-09,GV,0,0,1,0,0
2021-09,MG,0,0,1014021,4851,-4851
2021-09,MS,0,0,27013,124,-124
2021-09,OR,0,0,1987805,3126,-3126
2021-09,TG,14750,72,4,0,72
2021-09,GP,0,0,706805,1035,-1035
2021-09,LM,0,0,1101237,2149,-2149
2021-09,WM,1695,5,0,0,5
2021-09,PP,20,0,10890,23,-23
2021-09,AP,21390,108,0,0,108
2021-09,PR,3091347,10750,0,0,10750
2021-09,PC,99029,731,0,0,731
2021-09,PU,45,0,0,0,0
2021-10,TM,503949,1508,0,0,1508
2021-10,ON,2440893,1557,339550,130,1427
2021-10,SL,0,0,92208,152,-152
2021-10,BC,0,0,613890,757,-757
2021-10,BS,0,0,30012,142,-142
2021-10,CB,292291,193,115924,50,143
2021-10,LT,31285,77,51027,237,-159
2021-10,CR,23832,27,10311900,3584,-3557
2021-10,CC,1894,10,0,0,10
2021-10,BE,0,0,1,0,0
2021-10,DP,442,4,3315,20,-17
2021-10,FG,598,6,90475,409,-403
2021-10,PA,0,0,4264663,3935,-3935
2021-10,GV,0,0,0,0,0
2021-10,MG,0,0,750441,3522,-3522
2021-10,OR,0,0,1136429,1426,-1426
2021-10,TG,93354,92,0,0,92
2021-10,GP,0,0,582755,932,-932
2021-10,LM,0,0,1382374,2899,-2899
2021-10,WM,110,1,0,0,1
2021-10,PP,0,0,21670,53,-53
2021-10,AP,71477,192,0,0,192
2021-10,PR,4946171,16278,0,0,16278
2021-10,PC,10117,71,0,0,71
2021-10,PU,0,0,2,0,0
2021-11,TM,436206,1252,0,0,1252
2021-11,ON,359243,238,427395,194,44
2021-11,SL,450,3,154057,182,-179
2021-11,BC,0,0,695498,1125,-1125
2021-11,BS,0,0,22452,105,-105
2021-11,CB,204327,178,262336,115,63
2021-11,LT,1358,15,24960,29,-14
2021-11,CR,38244,86,6662900,2564,-2478
2021-11,TN,0,0,1,0,0
2021-11,CC,1876,10,0,0,10
2021-11,BE,229,2,2,0,2
2021-11,DP,657,5,38670,67,-62
2021-11,FG,2230,24,78539,367,-343
2021-11,PA,43,4,5403630,4928,-4924
2021-11,MG,18,2,875528,5119,-5117
2021-11,MS,0,0,0,0,0
2021-11,OR,3,0,1210530,1559,-1559
2021-11,TG,3399820,3072,0,0,3072
2021-11,GP,20,0,1536889,2826,-2826
2021-11,LM,1427,3,1577331,3888,-3884
2021-11,WM,7170,12,0,0,12
2021-11,PP,0,0,22486,45,-45
2021-11,AP,351818,951,12,1,951
2021-11,PR,5095393,15136,12,0,15136
2021-11,AC,0,0,1,0,0
2021-11,CE,0,0,2,0,0
2021-12,TM,475858,1319,0,0,1319
2021-12,ON,3708,6,1113980,490,-485
2021-12,SL,290,1,147114,268,-267
2021-12,BC,0,0,465696,689,-689
2021-12,BS,0,0,25498,121,-121
2021-12,CB,87244,50,82443,54,-4
2021-12,LT,1815,19,234620,154,-135
2021-12,CR,18610,23,8797770,4855,-4832
2021-12,CC,812,6,0,0,6
2021-12,BE,25,0,4,0,0
2021-12,DP,0,0,34688,117,-117
2021-12,FG,447,5,99574,469,-465
2021-12,PA,8,0,5216518,4461,-4461
2021-12,MG,0,0,1125263,7194,-7194
2021-12,MS,0,0,1379,12,-12
2021-12,OR,17,0,1232623,1947,-1947
2021-12,TG,2502702,2170,0,0,2170
2021-12,GP,0,0,2040040,3682,-3682
2021-12,LM,0,0,1245854,3195,-3195
2021-12,WM,82,0,0,0,0
2021-12,PP,0,0,14445,26,-26
2021-12,AP,480897,1359,0,0,1359
2021-12,PR,4230719,13383,0,0,13383
2021-12,AC,0,0,3,0,0
2021-12,PU,0,0,0,0,0
2022-01,CT,91193,324,0,0,324
2022-01,ON,0,0,1163895,499,-499
2022-01,ST,0,0,171701,232,-232
2022-01,BC,32,0,864768,1061,-1060
2022-01,BS,0,0,17750,89,-89
2022-01,CB,84200,19,30000,19,1
2022-01,LT,1980,21,1689165,1128,-1106
2022-01,CR,34274,69,4402510,2916,-2847
2022-01,CC,4143,21,0,0,21
2022-01,DP,438,4,2736,20,-17
2022-01,FG,876,9,62910,263,-254
2022-01,PA,12,0,3958384,3109,-3109
2022-01,GV,0,0,2,0,0
2022-01,MG,60,0,2730963,15188,-15188
2022-01,MS,0,0,1195,3,-3
2022-01,OR,19259,30,2026061,3708,-3678
2022-01,TG,208428,294,0,0,294
2022-01,GP,224,2,722487,1262,-1260
2022-01,LM,49,2,1077543,2443,-2441
2022-01,WM,184,1,0,0,1
2022-01,OM,30,0,0,0,0
2022-01,PP,0,0,9500,23,-23
2022-01,AP,182845,479,0,0,479
2022-01,PR,1787399,6115,0,0,6115
2022-01,AC,0,0,1,0,0
2022-01,CE,65,0,0,0,0
2022-02,CT,69120,249,0,0,249
2022-02,ON,0,0,1344000,543,-543
2022-02,ST,0,0,114412,140,-140
2022-02,BC,32,0,579744,661,-661
2022-02,BS,0,0,12400,62,-62
2022-02,CB,88581,47,110515,57,-9
2022-02,LT,2990,31,1355440,830,-799
2022-02,CR,16020,18,5573000,3789,-3772
2022-02,CC,1015,10,0,0,10
2022-02,BE,32,0,0,0,0
2022-02,DP,0,0,41819,109,-109
2022-02,FG,1095,11,65146,307,-295
2022-02,PA,0,0,4635562,4087,-4087
2022-02,GV,0,0,3,0,0
2022-02,MG,40,0,2990791,13454,-13454
2022-02,OR,21795,54,3128163,5680,-5626
2022-02,TG,8691,42,16547,69,-27
2022-02,GP,292,2,1540020,2703,-2700
2022-02,LM,0,0,2374888,5273,-5273
2022-02,WM,1199,5,0,0,5
2022-02,OM,4986,40,0,0,40
2022-02,PP,0,0,14149,37,-37
2022-02,AP,85692,207,0,0,207
2022-02,PR,635369,1867,12800,71,1796
2022-02,AC,0,0,0,0,0
2022-02,CE,170,1,0,0,1
2022-02,PC,15,0,0,0,0
2022-03,CT,105870,384,0,0,384
2022-03,ON,0,0,479325,184,-184
2022-03,ST,40,0,186921,143,-142
2022-03,BC,32,0,722202,857,-857
2022-03,BS,0,0,11200,63,-63
2022-03,CB,9778,9,177844,80,-70
2022-03,LT,2410,26,516902,350,-324
2022-03,CR,17000,16,8673670,4056,-4040
2022-03,CC,931,10,0,0,10
2022-03,BE,43,0,1,0,0
2022-03,DP,876,7,64711,161,-154
2022-03,FG,876,9,55005,251,-243
2022-03,PA,11864,14,5222545,4827,-4812
2022-03,GV,0,0,0,0,0
2022-03,MG,49,0,4075868,16322,-16321
2022-03,OR,21910,52,30365902,65614,-65561
2022-03,TG,298,3,0,0,3
2022-03,GP,0,0,1043258,1914,-1914
2022-03,LM,1580,3,2018188,4398,-4395
2022-03,WM,1270,6,0,0,6
2022-03,OM,22795,175,0,0,175
2022-03,PP,0,0,13645,36,-36
2022-03,AP,114542,294,0,0,294
2022-03,PR,913432,2561,0,0,2561
2022-03,PU,0,0,1,0,0
2022-04,CT,137696,571,0,0,571
2022-04,ON,0,0,71995,32,-32
2022-04,ST,0,0,222510,241,-241
2022-04,BC,32,0,916194,1165,-1165
2022-04,BS,0,0,16960,120,-120
2022-04,CB,3216,5,391220,156,-151
2022-04,LT,3363,36,72270,40,-4
2022-04,CR,14510,13,8141410,3794,-3781
2022-04,CC,2411,12,0,0,12
2022-04,BE,50,0,3,0,0
2022-04,DP,0,0,61906,172,-172
2022-04,FG,876,9,83339,382,-373
2022-04,PA,0,0,6037687,5767,-5767
2022-04,GV,0,0,1,0,0
2022-04,MG,50,0,3634771,13048,-13047
2022-04,MS,0,0,64957,303,-303
2022-04,OR,4320,5,19203305,43576,-43571
2022-04,TG,110,1,0,0,1
2022-04,GP,32,0,1004554,1743,-1743
2022-04,LM,17,0,1460309,2950,-2950
2022-04,WM,4329,19,0,0,19
2022-04,OM,24128,159,0,0,159
2022-04,PP,0,0,16550,45,-45
2022-04,AP,66239,193,0,0,193
2022-04,PR,351986,1024,0,0,1024
2022-04,PU,0,0,1,0,0
2022-05,CT,127456,452,0,0,452
2022-05,ON,0,0,141200,53,-53
2022-05,ST,0,0,285586,249,-249
2022-05,BC,40,0,656736,774,-774
2022-05,BS,0,0,25200,172,-172
2022-05,CB,90426,68,357656,115,-47
2022-05,LT,149971,132,0,0,132
2022-05,CR,18500,19,7064500,3540,-3522
2022-05,CC,2798,9,0,0,9
2022-05,BE,91,0,5,0,0
2022-05,DP,0,0,29381,79,-79
2022-05,FG,2189,22,66429,288,-266
2022-05,PA,24,0,6984349,6799,-6799
2022-05,MG,89,0,3032527,10823,-10823
2022-05,MS,0,0,350830,1711,-1711
2022-05,OR,19911,47,11430687,26689,-26642
2022-05,TG,810,9,1,0,9
2022-05,GP,53,0,816986,1535,-1535
2022-05,LM,34,0,1497104,2904,-2904
2022-05,WM,9794,29,0,0,29
2022-05,OM,29140,149,0,0,149
2022-05,PP,17,0,12405,36,-36
2022-05,AP,26556,79,0,0,79
2022-05,PR,102465,342,0,0,342
2022-05,AC,5,0,3,0,0
2022-05,CE,35,0,0,0,0
2022-05,PC,22,0,0,0,0
2022-05,PU,7,0,1,0,0
2022-06,CT,142707,495,0,0,495
2022-06,ON,0,0,240000,61,-61
2022-06,ST,0,0,149470,203,-203
2022-06,BC,48,0,456194,515,-515
2022-06,BS,0,0,19050,129,-129
2022-06,CB,668103,365,357920,102,264
2022-06,LT,346393,339,35776,32,308
2022-06,CR,2406,3,8812500,4618,-4616
2022-06,CC,1987,8,0,0,8
2022-06,BE,0,0,11,0,0
2022-06,DP,1080,9,51998,133,-124
2022-06,FG,1314,13,45043,210,-197
2022-06,PA,26,0,7294297,7431,-7430
2022-06,MG,72,1,1534594,6149,-6149
2022-06,MS,0,0,356281,1495,-1495
2022-06,OR,5114,5,1817023,3800,-3795
2022-06,TG,2097,22,0,0,22
2022-06,GP,4,0,806153,1474,-1474
2022-06,LM,0,0,2131595,4490,-4490
2022-06,WM,52395,114,0,0,114
2022-06,OM,28728,132,0,0,132
2022-06,PP,0,0,9900,29,-29
2022-06,AP,25113,64,0,0,64
2022-06,PR,142545,492,0,0,492
2022-06,AC,32,0,0,0,0
2022-06,CE,45,0,0,0,0
2022-06,PC,12884,102,0,0,102
2022-06,PU,202,2,0,0,2
2022-07,CT,103447,393,0,0,393
2022-07,ST,0,0,120730,196,-196
2022-07,BC,32,0,722304,853,-853
2022-07,BS,0,0,18380,124,-124
2022-07,CB,1706478,934,354310,105,828
2022-07,LT,149940,142,2603708,2169,-2027
2022-07,CR,24700,19,8389500,3817,-3798
2022-07,CC,1140,10,0,0,10
2022-07,BE,127,0,0,0,0
2022-07,DP,0,0,13163,46,-46
2022-07,FG,439,5,37668,172,-167
2022-07,PA,30,1,5891766,5541,-5541
2022-07,MG,77,1,848109,3738,-3737
2022-07,MS,0,0,18818,73,-73
2022-07,OR,34,0,1351592,2222,-2222
2022-07,TG,9082,61,0,0,61
2022-07,GP,22,0,1523415,2134,-2134
2022-07,LM,0,0,2578928,5260,-5260
2022-07,WM,28159,68,0,0,68
2022-07,OM,7380,30,0,0,30
2022-07,PP,0,0,13500,38,-38
2022-07,AP,2390,5,0,0,5
2022-07,PR,20937,69,0,0,69
2022-07,AC,0,0,1,0,0
2022-07,CE,10,0,0,0,0
2022-07,PC,148685,1203,0,0,1203
2022-07,PU,120,1,2,0,1
2022-08,CT,62186,228,0,0,228
2022-08,ST,0,0,108175,196,-196
2022-08,BC,33,0,1245587,1349,-1349
2022-08,BS,0,0,20050,138,-138
2022-08,CB,283592,166,629790,221,-55
2022-08,LT,10178,32,4075940,3372,-3340
2022-08,CH,0,0,495,3,-3
2022-08,CR,15536,13,7106000,3063,-3050
2022-08,CC,873,6,0,0,6
2022-08,BE,50,0,0,0,0
2022-08,DP,0,0,17234,53,-53
2022-08,FG,0,0,67079,350,-350
2022-08,PA,25,0,5868213,5463,-5463
2022-08,GV,0,0,0,0,0
2022-08,MG,86,1,812466,4207,-4206
2022-08,MS,0,0,1380,6,-6
2022-08,OR,17,0,1780154,2986,-2986
2022-08,TG,7174,54,0,0,54
2022-08,GP,26,0,1938380,2370,-2370
2022-08,LM,18,0,2086698,4106,-4106
2022-08,WM,18864,49,0,0,49
2022-08,OM,3078,10,0,0,10
2022-08,PP,0,0,19850,55,-55
2022-08,AP,17457,81,0,0,81
2022-08,PR,4118967,13249,0,0,13249
2022-08,AC,316,7,0,0,7
2022-08,CE,5,0,0,0,0
2022-08,PC,216420,1640,0,0,1640
2022-08,PU,90,1,1,0,1
2022-09,CT,52492,204,0,0,204
2022-09,ST,0,0,126120,183,-183
2022-09,BC,24,0,1066130,1250,-1250
2022-09,BS,0,0,18569,113,-113
2022-09,CB,152077,107,534312,184,-77
2022-09,LT,70344,75,3152972,2876,-2801
2022-09,CH,0,0,1830,12,-12
2022-09,CR,23500,19,11543000,4875,-4857
2022-09,CC,1053,8,0,0,8
2022-09,DP,778,6,24886,52,-46
2022-09,FG,1533,17,46386,214,-197
2022-09,PA,24,0,5668582,5311,-5311
2022-09,GV,0,0,2,0,0
2022-09,MG,80,1,914024,4688,-4687
2022-09,MS,0,0,7360,28,-28
2022-09,OR,17,0,3127582,5295,-5295
2022-09,TG,6903,37,0,0,37
2022-09,GP,0,0,1296725,1491,-1491
2022-09,LM,0,0,1319798,2622,-2622
2022-09,WM,13949,40,0,0,40
2022-09,OM,55,0,0,0,0
2022-09,PP,0,0,9535,29,-29
2022-09,AP,59437,181,0,0,181
2022-09,PR,2889641,8467,0,0,8467
2022-09,PC,109967,708,0,0,708
2022-09,PU,15,0,0,0,0
2022-10,CT,62253,225,0,0,225
2022-10,ST,0,0,182893,210,-210
2022-10,BC,8,0,770860,890,-890
2022-10,BS,0,0,19769,96,-96
2022-10,CB,3926,7,672530,240,-233
2022-10,LT,213743,233,173708,146,87
2022-10,CH,0,0,2205,14,-14
2022-10,CR,11560,10,9396700,3727,-3718
2022-10,CC,1090,7,0,0,7
2022-10,BE,0,0,0,0,0
2022-10,DP,0,0,11234,29,-29
2022-10,FG,10,0,51132,230,-230
2022-10,PA,24,0,5388349,4920,-4920
2022-10,MG,83,1,460506,2058,-2057
2022-10,MS,0,0,8085,32,-32
2022-10,OR,34,0,2279046,2888,-2888
2022-10,TG,96813,118,0,0,118
2022-10,GP,0,0,1303298,1346,-1346
2022-10,LM,26247,45,1168388,2123,-2078
2022-10,WM,408,1,0,0,1
2022-10,PP,0,0,19840,56,-56
2022-10,AP,76520,199,0,0,199
2022-10,PR,4785631,13395,0,0,13395
2022-10,PC,1202,10,0,0,10
2022-10,PU,25,0,0,0,0
2022-11,CT,97365,349,0,0,349
2022-11,ST,0,0,121078,206,-206
2022-11,BC,24,0,712994,820,-820
2022-11,BS,0,0,17516,85,-85
2022-11,CB,13120,23,418180,121,-98
2022-11,LT,27725,34,0,0,34
2022-11,CH,0,0,2595,17,-17
2022-11,CR,15500,12,6080600,2225,-2213
2022-11,CC,1306,4,0,0,4
2022-11,DP,6,0,96933,251,-250
2022-11,FG,0,0,83562,393,-393
2022-11,PA,38,0,4951693,4186,-4186
2022-11,GV,0,0,0,0,0
2022-11,MG,62,1,997564,5612,-5611
2022-11,MS,0,0,2995,12,-12
2022-11,OR,34,0,797175,800,-800
2022-11,TG,1382242,1406,0,0,1406
2022-11,GP,7,0,671965,1111,-1111
2022-11,LM,1017,7,1315800,3260,-3253
2022-11,WM,1989,3,0,0,3
2022-11,PP,0,0,13600,40,-40
2022-11,AP,586072,1660,0,0,1660
2022-11,PR,5087263,13255,0,0,13255
2022-11,PU,412,2,0,0,2
2022-12,CT,78723,274,0,0,274
2022-12,ST,0,0,158268,195,-195
2022-12,BC,3516,9,380160,380,-372
2022-12,BS,0,0,23360,124,-124
2022-12,CB,133572,84,299384,87,-3
2022-12,LT,3401,23,0,0,23
2022-12,CH,0,0,2962,22,-22
2022-12,CR,21020,16,11060210,3674,-3658
2022-12,CC,815,6,0,0,6
2022-12,DP,14,0,29175,79,-79
2022-12,FG,0,0,77400,341,-341
2022-12,PA,24,0,5202706,4778,-4778
2022-12,MG,55,0,1165651,6925,-6925
2022-12,MS,0,0,1650,11,-11
2022-12,OR,17,0,480821,695,-695
2022-12,TG,1537517,1396,17600,22,1374
2022-12,GP,0,0,863027,1411,-1411
2022-12,LM,0,0,1437416,3430,-3430
2022-12,WM,2758,11,0,0,11
2022-12,PP,0,0,15040,48,-48
2022-12,AP,447386,1341,0,0,1341
2022-12,PR,5438659,13523,0,0,13523
2022-12,CE,5,0,0,0,0
2022-12,PU,0,0,1,0,0
2023-01,CT,52534,195,0,0,195
2023-01,ST,0,0,124923,164,-164
2023-01,BC,32,1,294624,324,-323
2023-01,BS,0,0,14600,79,-79
2023-01,CB,216721,129,303960,85,44
2023-01,LT,1948,21,689223,582,-561
2023-01,CH,0,0,2235,17,-17
2023-01,CR,16010,13,6754130,2333,-2321
2023-01,CC,3693,18,0,0,18
2023-01,BE,0,0,3,0,0
2023-01,DP,0,0,52564,134,-134
2023-01,FG,876,10,81712,386,-376
2023-01,PA,52,1,4298581,3994,-3993
2023-01,GV,0,0,4,0,0
2023-01,MG,50,1,2670756,14278,-14277
2023-01,MS,0,0,1615,4,-4
2023-01,OR,34,0,1200997,2563,-2563
2023-01,TG,81509,269,0,0,269
2023-01,GP,0,0,1268771,2009,-2009
2023-01,LM,0,0,1142171,2512,-2512
2023-01,WM,729,3,0,0,3
2023-01,OM,25,0,0,0,0
2023-01,PP,0,0,10590,34,-34
2023-01,AP,110697,290,0,0,290
2023-01,PR,1449675,4229,0,0,4229
2023-01,CE,5,0,0,0,0
2023-01,PU,0,0,4,0,0
2023-02,CT,48202,197,0,0,197
2023-02,ST,0,0,135810,197,-197
2023-02,BC,24,0,332640,352,-352
2023-02,BS,71,1,10362,55,-55
2023-02,CB,13188,13,377456,104,-91
2023-02,LT,2778,26,1072595,894,-867
2023-02,CH,0,0,1566,12,-12
2023-02,CR,22510,20,9260020,3758,-3737
2023-02,TN,4000,4,2,0,4
2023-02,CC,946,5,0,0,5
2023-02,BE,331,3,2,0,3
2023-02,DP,28,0,30850,99,-98
2023-02,FG,1319,14,104566,454,-440
2023-02,PA,12,0,5293796,4890,-4890
2023-02,GV,0,0,3,0,0
2023-02,MG,25,0,2432210,10374,-10374
2023-02,MS,0,0,30110,230,-230
2023-02,OR,5944,49,3137982,6274,-6225
2023-02,TG,6895,34,27765,98,-64
2023-02,GP,0,0,1175682,1856,-1856
2023-02,LM,0,0,2037845,4238,-4238
2023-02,WM,810,4,0,0,4
2023-02,OM,14075,106,0,0,106
2023-02,PP,0,0,23830,71,-71
2023-02,AP,135165,351,0,0,351
2023-02,PR,2206012,5411,1,0,5411
2023-02,CE,5,0,0,0,0
2023-02,PU,0,0,2,0,0
